entry_id,week_number,stage,q1_score,q2_score,q3_score,q4_score,participant_age,participant_gender,doodle_storage_path
001,2,1,3,3,4,2,24.0,male,week-2/w2_s1_001.png
002,2,1,5,3,2,3,19.0,female,week-2/w2_s1_002.png
003,2,1,5,3,4,2,24.0,female,week-2/w2_s1_003.png
004,2,1,3,5,3,3,,male,week-2/w2_s1_004.png
005,2,1,5,3,4,3,53.0,male,week-2/w2_s1_005.png
006,2,1,5,3,3,1,20.0,female,week-2/w2_s1_006.png
007,2,1,5,3,2,3,26.0,female,week-2/w2_s1_007.png
008,2,1,5,4,3,1,21.0,male,week-2/w2_s1_008.png
009,2,1,5,3,1,4,20.0,female,week-2/w2_s1_009.png
010,2,1,1,5,5,5,58.0,male,week-2/w2_s1_010.png
011,2,1,5,3,2,3,25.0,female,week-2/w2_s1_011.png
012,2,1,5,2,4,3,23.0,male,week-2/w2_s1_012.png
013,2,1,5,2,2,4,22.0,female,week-2/w2_s1_013.png
014,2,1,5,2,4,5,20.0,female,week-2/w2_s1_014.png
015,2,1,5,3,2,1,22.0,male,week-2/w2_s1_015.png
016,2,1,4,3,4,2,21.0,male,week-2/w2_s1_016.png
017,2,1,5,3,1,3,20.0,female,week-2/w2_s1_017.png
018,2,1,2,3,1,3,21.0,male,week-2/w2_s1_018.png
019,2,1,5,1,1,2,18.0,female,week-2/w2_s1_019.png
020,2,1,4,5,3,3,18.0,female,week-2/w2_s1_020.png
021,2,1,5,4,3,3,22.0,female,week-2/w2_s1_021.png
022,2,1,4,4,5,5,18.0,female,week-2/w2_s1_022.png
023,2,1,2,4,5,3,20.0,female,week-2/w2_s1_023.png
024,2,1,5,1,5,3,19.0,male,week-2/w2_s1_024.png
025,2,1,5,4,5,5,19.0,female,week-2/w2_s1_025.png
026,2,1,5,2,4,2,20.0,female,week-2/w2_s1_026.png
027,2,1,5,4,4,1,27.0,female,week-2/w2_s1_027.png
028,2,1,5,4,5,5,19.0,female,week-2/w2_s1_028.png
029,2,1,5,2,3,2,20.0,female,week-2/w2_s1_029.png
030,2,1,5,3,5,4,21.0,female,week-2/w2_s1_030.png
031,2,1,1,3,4,1,21.0,female,week-2/w2_s1_031.png
032,2,1,5,2,2,2,25.0,female,week-2/w2_s1_032.png
033,2,1,3,5,5,4,,female,week-2/w2_s1_033.png
034,2,1,1,4,1,3,34.0,male,week-2/w2_s1_034.png
035,2,1,2,2,3,4,28.0,male,week-2/w2_s1_035.png
036,2,1,5,3,5,2,23.0,female,week-2/w2_s1_036.png
037,2,1,5,2,3,3,26.0,male,week-2/w2_s1_037.png
038,2,1,4,2,2,2,19.0,female,week-2/w2_s1_038.png
039,2,1,5,2,4,2,61.0,female,week-2/w2_s1_039.png
040,2,1,1,3,5,1,20.0,male,week-2/w2_s1_040.png
041,2,1,4,5,3,5,19.0,male,week-2/w2_s1_041.png
042,2,1,5,4,3,4,19.0,male,week-2/w2_s1_042.png
043,2,1,4,4,4,1,21.0,female,week-2/w2_s1_043.png
044,2,1,5,3,4,2,21.0,female,week-2/w2_s1_044.png
045,2,1,5,3,3,1,19.0,female,week-2/w2_s1_045.png
046,2,1,5,2,4,2,23.0,male,week-2/w2_s1_046.png
047,2,1,5,2,3,2,19.0,female,week-2/w2_s1_047.png
048,2,1,4,4,5,5,22.0,female,week-2/w2_s1_048.png
049,2,1,5,2,3,2,23.0,female,week-2/w2_s1_049.png
050,2,1,4,4,5,4,20.0,self_describe,week-2/w2_s1_050.png
051,2,1,4,3,5,2,29.0,male,week-2/w2_s1_051.png
052,2,1,2,3,4,2,25.0,male,week-2/w2_s1_052.png
053,2,1,4,4,5,4,20.0,female,week-2/w2_s1_053.png
054,2,1,5,3,3,4,24.0,nonbinary,week-2/w2_s1_054.png
055,2,1,5,5,2,5,25.0,female,week-2/w2_s1_055.png
056,2,1,1,3,4,4,20.0,female,week-2/w2_s1_056.png
057,2,1,5,3,3,5,19.0,female,week-2/w2_s1_057.png
058,2,1,5,4,1,3,20.0,female,week-2/w2_s1_058.png
059,2,1,5,3,2,2,21.0,female,week-2/w2_s1_059.png
060,2,1,4,3,5,3,20.0,male,week-2/w2_s1_060.png
061,2,1,5,2,4,3,23.0,male,week-2/w2_s1_061.png
062,2,1,2,4,5,4,19.0,female,week-2/w2_s1_062.png
063,2,1,5,1,1,1,20.0,female,week-2/w2_s1_063.png
064,2,2,2,3,2,3,,male,week-2/w2_s2_064.png
065,2,2,5,1,2,2,23.0,male,week-2/w2_s2_065.png
066,2,2,4,1,5,2,20.0,male,week-2/w2_s2_066.png
067,2,2,2,4,1,4,20.0,female,week-2/w2_s2_067.png
068,2,2,4,4,2,2,20.0,female,week-2/w2_s2_068.png
069,2,2,4,4,4,1,24.0,male,week-2/w2_s2_069.png
070,2,2,5,2,5,2,23.0,female,week-2/w2_s2_070.png
071,2,2,1,2,5,1,21.0,male,week-2/w2_s2_071.png
072,2,2,1,2,4,1,28.0,male,week-2/w2_s2_072.png
073,2,2,5,3,1,3,19.0,female,week-2/w2_s2_073.png
074,2,2,4,3,1,4,21.0,female,week-2/w2_s2_074.png
075,2,2,3,5,5,1,23.0,prefer_not_to_say,week-2/w2_s2_075.png
076,2,2,2,2,5,2,19.0,male,week-2/w2_s2_076.png
077,2,2,1,3,5,3,61.0,male,week-2/w2_s2_077.png
078,2,2,3,5,1,5,19.0,female,week-2/w2_s2_078.png
079,2,2,4,2,5,3,22.0,female,week-2/w2_s2_079.png
080,2,2,1,4,3,5,19.0,male,week-2/w2_s2_080.png
081,2,2,4,2,1,3,20.0,female,week-2/w2_s2_081.png
082,2,2,4,5,1,3,23.0,female,week-2/w2_s2_082.png
083,2,2,2,1,1,1,19.0,female,week-2/w2_s2_083.png
084,2,2,2,3,1,5,19.0,female,week-2/w2_s2_084.png
085,2,2,4,5,1,5,20.0,female,week-2/w2_s2_085.png
086,2,2,5,4,5,5,25.0,female,week-2/w2_s2_086.png
087,2,2,5,1,1,3,21.0,female,week-2/w2_s2_087.png
088,2,2,2,1,5,1,19.0,female,week-2/w2_s2_088.png
089,2,2,3,5,1,4,25.0,female,week-2/w2_s2_089.png
090,2,2,5,4,5,4,20.0,female,week-2/w2_s2_090.png
091,2,2,2,3,5,2,57.0,male,week-2/w2_s2_091.png
092,2,2,4,5,5,2,20.0,female,week-2/w2_s2_092.png
093,2,2,1,1,1,1,58.0,male,week-2/w2_s2_093.png
094,2,2,4,5,4,5,20.0,female,week-2/w2_s2_094.png
095,2,2,4,5,2,3,23.0,female,week-2/w2_s2_095.png
096,2,2,2,2,1,5,24.0,nonbinary,week-2/w2_s2_096.png
097,2,2,3,3,5,2,23.0,male,week-2/w2_s2_097.png
098,2,2,4,2,1,5,22.0,male,week-2/w2_s2_098.png
099,2,2,5,4,1,4,25.0,male,week-2/w2_s2_099.png
100,2,2,4,4,5,2,20.0,female,week-2/w2_s2_100.png
101,2,2,1,4,1,3,21.0,male,week-2/w2_s2_101.png
102,2,2,1,3,1,5,21.0,male,week-2/w2_s2_102.png
103,2,2,4,5,1,4,20.0,female,week-2/w2_s2_103.png
104,2,2,2,3,1,4,20.0,self_describe,week-2/w2_s2_104.png
105,2,2,3,2,5,4,24.0,male,week-2/w2_s2_105.png
106,2,2,4,2,5,2,20.0,female,week-2/w2_s2_106.png
107,2,2,4,3,5,4,20.0,female,week-2/w2_s2_107.png
108,2,2,3,3,5,3,19.0,female,week-2/w2_s2_108.png
109,2,2,5,5,1,4,22.0,female,week-2/w2_s2_109.png
110,2,2,5,4,1,3,22.0,female,week-2/w2_s2_110.png
111,2,2,5,2,5,1,21.0,female,week-2/w2_s2_111.png
112,2,2,5,3,5,3,,female,week-2/w2_s2_112.png
113,2,2,5,1,5,1,34.0,male,week-2/w2_s2_113.png
114,2,2,4,4,1,3,27.0,male,week-2/w2_s2_114.png
115,2,2,5,4,1,4,25.0,female,week-2/w2_s2_115.png
